contrast,endpoint,mean,ci95_low,ci95_high,seed19,seed1
lower_support_x1,mPQ,-0.00131424,-0.00383618,0.00109399,-0.00272235,0.00009388
lower_support_x1,bPQ,-0.00130114,-0.00295019,0.00039181,-0.00101659,-0.00158570
lower_support_x1,Dead PQ,0.00144097,-0.01027460,0.01359621,-0.00137780,0.00425973
lower_support_x1,strict Dead PQ,0.00387386,,,0.01023500,-0.00248728
lower_support_x2,mPQ,0.00150482,-0.00118338,0.00415160,-0.00033085,0.00334049
lower_support_x2,bPQ,0.00022095,-0.00110817,0.00168083,-0.00075081,0.00119272
lower_support_x2,Dead PQ,0.00981672,-0.00165309,0.02396687,0.01083043,0.00880300
lower_support_x2,strict Dead PQ,0.00441589,,,0.01158789,-0.00275610
scale_at_high_support,mPQ,-0.00230678,-0.00960449,0.00569783,-0.00216889,-0.00244468
scale_at_high_support,bPQ,-0.00749156,-0.01033210,-0.00439430,-0.00748744,-0.00749569
scale_at_high_support,Dead PQ,0.00521235,-0.01298371,0.02608567,0.00847936,0.00194535
scale_at_high_support,strict Dead PQ,-0.00730846,,,-0.01032956,-0.00428735
scale_at_low_support,mPQ,0.00051228,-0.00716359,0.00961879,0.00022262,0.00080194
scale_at_low_support,bPQ,-0.00596947,-0.00895853,-0.00289282,-0.00722166,-0.00471727
scale_at_low_support,Dead PQ,0.01358810,-0.01021169,0.04251488,0.02068759,0.00648862
scale_at_low_support,strict Dead PQ,-0.00676643,,,-0.00897668,-0.00455618
