pair,arm,mPQ,bPQ,Dead PQ
split1_seed19,P2,0.0,0.0,0.0
split1_seed19,EF-P2,0.0,0.0,0.0
split1_seed1,P2,-0.0002050204477762052,-0.000538147973479397,0.0045685138006909265
split1_seed1,EF-P2,0.00028892092349425136,0.00011708796787701647,0.0045685138006909265
split1_seed2,P2,0.0010006588950119966,-0.0007218583492638597,0.0072232243523446815
split1_seed2,EF-P2,0.0016688434493359883,0.0003171873910332579,0.008226436049187269
split2_seed19,P2,-6.1373450578883215e-06,-0.0003043282300922989,0.004151605443811268
split2_seed19,EF-P2,0.0002825962741632715,0.0002480310923838047,0.0018373548444585719
split2_seed1,P2,0.0005091981149887848,-0.00012233176474663043,0.0014765049018393428
split2_seed1,EF-P2,0.0008097274488458317,0.00043713394121724924,0.0015294804859891653
split2_seed2,P2,-0.0002783289412970902,-0.0007719224985502926,0.0003658257965461209
split2_seed2,EF-P2,0.00024212160677578032,-2.5325226719052907e-06,0.0011471607538403872
split3_seed19,P2,0.00022280074551506157,-0.001038834182365056,0.016387380070242125
split3_seed19,EF-P2,0.000889256451840903,-4.862458885335208e-05,0.014175072526837917
split3_seed1,P2,0.00021714186730137364,-0.0017145269447358391,0.020107132871814815
split3_seed1,EF-P2,0.0010401883535333667,-0.0004197365396054753,0.01920377686456215
split3_seed2,P2,-0.0007053637635655585,-0.002610110071261329,0.012472848832811828
split3_seed2,EF-P2,0.0009033328327041623,-0.0007308070135110256,0.012233266030486828
