arm,split,metric,point,low,high
P2,1,mPQ,0.0002652128157452638,-0.0007180290732655202,0.0011895846127968773
P2,1,bPQ,-0.0004200021075810856,-0.0013020287821360256,0.0003643356148288006
P2,1,Dead PQ,0.003930579384345202,0.0005455825955291399,0.00777833887300261
P2,2,mPQ,7.491060954460209e-05,-0.0006803540851647967,0.0008246352940161084
P2,2,bPQ,-0.00039952749779640734,-0.001123454247271908,0.00027769371586214677
P2,2,Dead PQ,0.001997978714065577,-0.000935097044637252,0.005285536265734755
P2,3,mPQ,-8.847371691637444e-05,-0.0015432114082504372,0.0014491738134929605
P2,3,bPQ,-0.001787823732787408,-0.003062721383308593,-0.0005685597704866523
P2,3,Dead PQ,0.016322453924956255,0.0061527836067537985,0.028301625560691445
EF-P2,1,mPQ,0.0006525881242767465,-0.000323699031683813,0.001565755615657209
EF-P2,1,bPQ,0.00014475845297009146,-0.0007089637306031432,0.0009441866337791634
EF-P2,1,Dead PQ,0.004264983283292732,0.0009615072708065492,0.00795942505539517
EF-P2,2,mPQ,0.0004448151099282945,-0.00031688563276994434,0.0011973610090125354
EF-P2,2,bPQ,0.00022754417030971622,-0.0004920112731302094,0.000879873839206067
EF-P2,2,Dead PQ,0.0015046653614293748,-0.0005336716400969931,0.0035942718247516893
EF-P2,3,mPQ,0.0009442592126928107,-0.0004622533612385652,0.0024690487484649863
EF-P2,3,bPQ,-0.000399722713989951,-0.0015674683407614308,0.0007806348827963174
EF-P2,3,Dead PQ,0.015204038473962298,0.005719370828945232,0.026246046722394778
